ticket_id,subject,created_date,company
222980445411,"Priorität Urgent - Rechnungen werden in Hivebuy zwar als Neu hinterlegt, aber es wird nichts in der Vorschau angezeigt",2025-09-08,Hydrogenious LOHC Technologies
225118684355,"Ticket HT - High - Wiederkehrende Kosten ""Von"" Datum einfügen!",2025-09-12,Hydrogenious LOHC Technologies
251383690479,Ticket HT - Mittel,2025-10-14,Hydrogenious LOHC Technologies
265115578557,Liste aller Rechnungen zur Übersicht,2025-10-27,HYDROGENIOUS LOHC TECHNOLOGIES GmbH
265115578557,Liste aller Rechnungen zur Übersicht,2025-10-27,Hydrogenious LOHC Technologies
266395998447,Wareneingang in Hivebuy,2025-10-28,Hivebuy
269724592322,Buchhaltungstab: Filter für Rechnung,2025-10-30,DaVita Deutschland AG
286039366898,AW: [EXTERN] Re: Ticket HT -Urgent,2025-11-10,Hydrogenious LOHC Technologies
297064530123,"Ticket HT – Priorität Low - In den Bestellungen wird der Rechnungsbetrag nicht mehr dagegengerechnet.",2025-11-20,Hydrogenious LOHC Technologies
313078728892,Automatisierter PO Name,2025-12-02,STAUB & CO. - SILBERMANN GmbH
312262597868,Rückmeldung zum Termin 2.12.25,2025-12-02,Nfon AG
313078728892,Automatisierter PO Name,2025-12-02,Tabel Group
313674035392,Fwd: ext: Re: ext: Re: Übernahme Angebote in Hivebuy,2025-12-03,Hamberger Industriewerke GmbH
314049401021,"Ticket HT – Priorität Low - Anforderer sollte informiert werden, sobald der Wareneingang gebucht wurde.",2025-12-05,Hydrogenious LOHC Technologies
322796768456,Fwd: Zahlungsbedigungen -> Info von DATEV,2025-12-12,Hydrogenious LOHC Technologies
322787762406,Ticket Nr. 322787762406,2025-12-12,Tabel Group
327019109588,WG: [External] Hivebuy: Ihr Ticket wurde geschlossen #245461638342,2025-12-16,Hivebuy
334898688237,Kontierungsänderungen sichtbar machen,2025-12-29,A.S. Création Tapeten
336509437133,Mittel - Varianten müssen separat aktiviert werden,2026-01-05,Securitas Deutschland
344933740736,"Ticket HT – Priorität Urgent -Bei Katalogartikeln muss eine Einheit eingegeben werden, aber die Einheit ist nicht auswählbar, somit Fehler in der Bestellanforderung.",2026-01-09,Hydrogenious LOHC Technologies
347530354880,offene Anfrage,2026-01-12,LGI
349417913579,Budget Owners Cannot See Budgets Without Accounting/Controlling Role,2026-01-13,Oberlinhaus
351732272314,Total Budget Not Summed for Parent Categories,2026-01-14,Oxyle
352038708426,Medium - Bestellstatus und Email passen nicht zusammen WG: [External] Genehmigt zum Einkauf: Traversen gemäß Angebot AG2026031934 / SEC-023045,2026-01-14,Securitas Deutschland
360677864655,Re: Uvex - Kosten werden in Hivebuy nicht korrekt abgebildet,2026-01-22,Hivebuy
358667320550,Add field "Delivery Recipient" in Excel/CSV export under Accounting,2026-01-22,Mathias Wiemann GmbH & Co. KG
361581015232,AW: [External] Hivebuy: Ihr Ticket wurde geschlossen #312651951319,2026-01-23,Securitas Deutschland
366329720034,Improve purchase request search capabilities,2026-01-26,Tabel Group
369140643028,WG: [External] Genehmigt zum Einkauf: Umkleidebank mit Hakenleiste einseitig / SEC-023716,2026-01-29,Hivebuy
370403544253,Blend out Login option with Username/PW,2026-01-30,Securitas Deutschland
376253487296,WG: Fleecejacken mit speziellem Aviation Logo,2026-02-05,Securitas Deutschland
376058157243,"""Legal Entity"" nicht gefüllt (Excel der Bestellungen/orders)",2026-02-05,LGI
382123959499,Fwd: Tempworker Samson Personal Team GmbH - Service Periode,2026-02-10,rebuy
388237057211,Anfrage Nutzer Rolle - Wareneingang/Lager,2026-02-17,Oberlinhaus
393221832909,Info wenn Bestellung komplett,2026-02-23,AUMÜLLER AUMATIC GmbH
395705943271,Integrierte Lieferanten,2026-02-26,GWK GmbH - Arbeiten + Wohnen
395583987954,Änderungswunsch HiveBuy – Excel-Download für Bestellübersichten („Offene Anfragen“),2026-02-26,Borussia Dortmund
399598196971,Re: Rechnungsprüfung,2026-03-02,Hivebuy
400311410915,Re: Fragen zur Order Status API,2026-03-02,LGI
401210764474,Ticket HT- Hohe Priorität Übermittlung von Hivebuy zu DATEV fehlgeschlagen ( Ursache unklar),2026-03-03,Hydrogenious LOHC Technologies
401693937900,Einstellungen - Unternehmensprofil - Fehler?,2026-03-04,Oberlinhaus
404123427063,"Edit by Procurement funktioniert nicht für ""Cost recurring?""",2026-03-05,rebuy
407056781522,AW: ext: AW: ext: Re: ext: Re: ext: AW: HiveBuy Schnittstellenbeschreibung,2026-03-09,Hamberger Industriewerke GmbH
407748596938,Include SAP / External Number in Purchase Order Search,2026-03-09,Nfon AG
408834311371,Request for Update: MMS Pending Developments,2026-03-10,MediaMarktSaturn Retail Group
408738674899,Ticket Nr. 408738674899,2026-03-10,IPG Automotive
408877670600,X-Rechnung vom IT Haus,2026-03-11,HMF Smart Solutions GmbH
408971449541,WG: Sonepar - Oberlinhaus,2026-03-11,Oberlinhaus
409266692345,HiveBuy – Download-Funktion für „Offene Anfragen“ (User Story zur Umsetzung),2026-03-13,Borussia Dortmund
409281018098,Erneute Anlage | User existiert bereits | SSO Problem,2026-03-13,Tabel Group
409257234665,"Set Amazon POs to Status ""Canceled""",2026-03-13,HMF Smart Solutions GmbH
409916549356,Ticket Nr. 409916549356,2026-03-18,Oberlinhaus
410091620580,WG: Bilder Hivebuy,2026-03-19,A.S. Création Tapeten
410330598613,"New Approval Workflow - Make ""User"" / ""Requester"" selectable as condition",2026-03-23,STOCKMEIER Gruppe
410387415249,Umfirmierung Oberlinhaus - verschiedene Gesellschaften,2026-03-23,Oberlinhaus
410567639251,Produkt in Katalog,2026-03-24,BÜFA GmbH & Co. KG
411020080327,Fehler: Name 2 anstatt der Name des Lieferanten,2026-03-26,Borussia Dortmund
411064597748,Übersicht Gesellschaften inkl. VAT herunterladen,2026-03-26,Securitas Deutschland
411208410345,Addition: Short name (Name2),2026-03-27,Borussia Dortmund
411321137391,Verträge,2026-03-27,AUMÜLLER AUMATIC GmbH
411664595193,Re: Conrad Bestellungen,2026-03-30,Hivebuy
413342349542,Bitte Rechnung löschen oder rejecten,2026-04-08,rebuy
413657422015,Einschränkung Lieferanten auf Gesellschaften,2026-04-09,LGI
414044409042,Change Delivery Address with integrated supplier,2026-04-10,rebuy
414005510341,"Rabatte aus Artikelpos-Ebene (prozentual), auf Bestell-Ebene (prozentual, absolut)",2026-04-14,LGI
414233183419,Fwd: Export von Dokumenten aus Hivebuy nach SAP mit URL - NFON AG,2026-04-15,Nfon AG
414217425115,Retoure versus Lieferung nicht erhalten,2026-04-15,A.S. Création Tapeten
414246364400,Buchungstext,2026-04-15,rebuy
414217354455,Sonepar bei Suche in HiveIQ integrieren,2026-04-15,A.S. Création Tapeten
414268251367,Ansicht Bestellungen innerhalb einer Abtl.,2026-04-16,STOCKMEIER Gruppe
414345310435,Medium - Email Workflow mit aktivierten Entwurfslieferanten,2026-04-17,Securitas Deutschland
414249271539,AW: Fehlende Shopanbindung HiveiQ bei Kunde 679064 A.S. Creation,2026-04-17,A.S. Création Tapeten
414796258490,Hivebuy Rechnung Enterprise Lizenz Q2/26,2026-04-22,Nfon AG
414715433169,Ticket Nr. 414715433169,2026-04-22,Oberlinhaus
414948840682,Überschreiben des Suppliers aus dem OCR mit dem aus der PO scheint nicht funktioniert zu haben,2026-04-23,rebuy
415436579042,Re: Request for Bulk Closure of Integrated Supplier Tickets,2026-04-24,rebuy
415806594290,Internal Responsible User - Invoice Workflow not working,2026-04-27,rebuy
416005936361,Falsche Kostenstelle trotz Anpassung in der PO,2026-04-28,rebuy
415961842923,URL & individuelle Bestellnummer,2026-04-29,Securitas Deutschland
416285625535,Medium - Dashboard wird nicht richtig angezeigt,2026-04-30,Securitas Deutschland
416806621411,Brickwedde Shop,2026-05-07,Mathias Wiemann GmbH & Co. KG
417039729884,Integrated Suppliers & SSO/SCIM,2026-05-11,retarus.de
417164861675,Rolle "Inbound" - Oberlinhaus,2026-05-12,Oberlinhaus
417077246151,zusätzliche Dokumentenbezeichnungen,2026-05-12,AUMÜLLER AUMATIC GmbH
417404205281,Ticket HT – Priorität High - Rexel Anbindung funktioniert nicht,2026-05-18,Hydrogenious LOHC Technologies
417412739291,Hivebuy Release notes,2026-05-19,retarus.de
417734888659,WG: Hivebuy AVV für KI Agenten - Zusatzvereinbarung,2026-05-19,Unassigned
417923239129,Würth Bestellung abgelehnt,2026-05-21,LGI
417920861407,Open Items,2026-05-21,Securitas Deutschland
418357945590,Ticket HT – Priorität High,2026-05-22,Hydrogenious LOHC Technologies
418057839864,Restrict inbound role visibility by assigned addresses,2026-05-26,reBuy reCommerce Services GmbH & Co. KG
418057839864,Restrict inbound role visibility by assigned addresses,2026-05-26,rebuy
418613226689,Rechnung in approval pending trotz Three-way-match,2026-05-28,rebuy
418355922146,Rechnung lässt sich nicht freigeben,2026-05-28,rebuy
418282857720,Jede Rechnungs-Email muss verarbeitet werden ODER Fehlermeldung,2026-05-29,Unassigned
418651803853,Probleme beim Weiterleiten von Bestellungen in Hivebuy,2026-05-29,LGI
418278185178,Internal Responsible User - Invoice Workflow not working,2026-05-29,Unassigned
418658454747,Dateiänderung triggert einen neuen WF und 5 Änderungen,2026-05-29,Securitas Deutschland
418278185186,invoice: take supplier from PO,2026-05-29,Unassigned
418659427540,Rebuy BC: Buchungstext RE ohne Bestellbezug (414246364400),2026-05-29,Unassigned
418820374742,Fwd: [External] Re: Versandkostenpauschalen,2026-06-02,Securitas Deutschland
418893722820,REB-15889684012711,2026-06-02,rebuy
418868820179,Weiterleitung defekt? Rechnung kann nicht approved werden,2026-06-02,rebuy
418900226262,Ticket Nr. 414715433169 u. # 417164861675 Oberlinhaus,2026-06-03,Oberlinhaus
419227007168,Ticket Nr. 419227007168,2026-06-09,Tennis-Point
419207977167,Invoice in Revision cannot be forwarded,2026-06-10,rebuy
419301310706,Lange Ladezeiten der Projektliste,2026-06-11,Borussia Dortmund
419283378422,Ticket HT - Low - Bestellungen werden nicht abgeschlossen,2026-06-11,Hydrogenious LOHC Technologies
419309596921,Freigabeflows,2026-06-12,Wetzlich Optik-Präzision GmbH
419472773323,AW: Taggen/Markieren eines Mitarbeiters funktioniert nicht mehr,2026-06-16,Nfon AG
419915680993,Probleme bei erzeugten Bestellnummern,2026-06-18,Borussia Dortmund
419860366556,Fwd: You have been mentioned by,2026-06-18,Hivebuy
420947714279,Vertragsarten ergänzen,2026-06-22,PIMA Health Group
421197148379,Rechnung ist nicht in Business Central angekommen,2026-06-24,rebuy
421151237332,Ticket HT – Priorität Urgent - Rexel Anbindung,2026-06-24,Hydrogenious LOHC Technologies
421130806458,"""Total Request Net Amount"" not working in Invoice Approval.",2026-06-24,rebuy
421414343870,Vertragsart wird nicht angezeigt,2026-06-25,PIMA Health Group
421092953291,Final Invoice Received: Still in Status Delivered,2026-06-25,rebuy
421469034701,"SSO, SAML, SCIM",2026-06-26,retarus.de
421427190992,Freitag – zugewiesene Aufgaben: 1 – rebuy,2026-06-26,Asana
421835432131,Fwd: Follow-Ups Implementierung,2026-06-29,Quantum Systems
421585478870,REB-DE-R260127 hat keinen Freigeber,2026-06-29,rebuy
421930397887,Übermittlung von Bestellungen über Sonepar_Shop,2026-06-30,A.S. Création Tapeten
422250824903,Ticket Nr. 422250824903,2026-07-01,Hamberger Industriewerke GmbH
422801956041,neuer Workflow für IT-Komponenten,2026-07-03,Tenowo
422914801870,Editiermodus Bestellung,2026-07-06,PIMA Health Group
422891366642,Rückfrage Artikelanpassung,2026-07-06,Brera Serviced Apartments
422692029629,WG: Katalog-Bestellung,2026-07-06,Tenowo
422808636633,Artikelbeschreibung wird en statt de angezeigt,2026-07-07,Media-Saturn Deutschland GmbH
422794502349,WG: ext: [Hivebuy] Fehler in der Schnittstelle,2026-07-07,Hivebuy
422792796349,Fehler Button "als geliefert markiert" - Oberlinhaus,2026-07-07,Oberlinhaus
422898963679,Ersteinrichtung nicht möglich // Aleksandra Ekholm,2026-07-07,retarus.de
422952559814,Anmeldung neuer Nutzer fehlgeschlagen,2026-07-08,A.S. Création Tapeten
422938747101,Offene Punkte Hivebuy,2026-07-08,Tenowo
422964886762,Hivebuy Bestellung 000533,2026-07-09,Nfon AG
422964977870,WG: Termin heute,2026-07-09,Borussia Dortmund
423001055449,WG: [Hivebuy] Fehler in der Schnittstelle,2026-07-10,Hivebuy
423071339768,SAP-Release 2608 vs. abgekündigte Schnittstelle 0053,2026-07-13,DNS:NET Internet Service
423069024454,keine SAP Bestellnummer bei unserem Lieferanten Conrad,2026-07-13,HEWI Heinrich Wilke
423082017016,Hivebuy "Status",2026-07-13,HEWI Heinrich Wilke
423083827416,Sortierung in Anfrage Liste,2026-07-13,PIMA Health Group
423115505869,WG: Wiemann ground 1 GmbH & Co. KG - Bestellung MAW-001058,2026-07-14,Hivebuy
423113369834,Ticket Nr. 423113369834,2026-07-14,Borussia Dortmund
423109889263,Ticket Nr. 423109889263,2026-07-15,Tabel Group
423990913226,Lieferanten für alle Sichtbar,2026-07-20,tobaccoland
424472220869,Fehlerhafte Synchronisation der Mengeneinheiten (Hivebuy / SAP),2026-07-21,Hamberger Industriewerke GmbH
427045860585,WG: Kaufanfragen,2026-07-22,Unassigned
425077551323,Mehrfachauswahl bei Filtern,2026-07-23,Securitas Deutschland
425599099071,Frage zur DATEV-Schnittstelle: Änderung des Herkunftskennzeichens seit letzter Woche,2026-07-27,Hydrogenious LOHC Technologies
427367214293,Fristen im Vertragsmanagement,2026-08-03,PIMA Health Group
427405441210,Re: Hivebuy - Informationen zu unserem neuesten Release vom 27.07.2026,2026-08-04,rebuy
427408819395,WG: [EXT] Erinnerung - Kaufanfragen warten auf Deine Entscheidung,2026-08-04,Hivebuy
427513919737,Fwd: Hivebuy Preiseinheiten Conrad,2026-08-06,igus SE & Co. KG.
427607802056,approval pending ohne Zuweisung der Belege,2026-08-06,rebuy
427674389740,AW: Bitte Benutzerdefinierte Felder für Produktkategorie Weiterbildung hinterlegen,2026-08-07,Media-Saturn Deutschland GmbH
428324367551,Ticket Nr. 428324367551,2026-08-12,HARO - Hamberger Flooring
428949079249,3 Invoices stuck in Approval Pending State without Current Approver,2026-08-13,rebuy
429042819296,BANF Einkauf mit Bearbeitung,2026-08-14,MediaMarktSaturn Retail Group
428996557027,Offene Themen BVB x Hivebuy,2026-08-14,Borussia Dortmund
