ticket_id,alter_tage,createdate,unternehmen,betreff,hubspot_url
222980445411,350,2025-09-08,Hydrogenious LOHC Technologies,"Priorität Urgent - Rechnungen werden in Hivebuy zwar als Neu hinterlegt, aber es wird nichts in der Vorschau angezeigt",https://app.hubspot.com/contacts/tickets/222980445411
225118684355,346,2025-09-12,Hydrogenious LOHC Technologies,"Ticket HT - High - Wiederkehrende Kosten ""Von"" Datum einfügen!",https://app.hubspot.com/contacts/tickets/225118684355
251383690479,314,2025-10-14,Hydrogenious LOHC Technologies,Ticket HT - Mittel,https://app.hubspot.com/contacts/tickets/251383690479
265115578557,301,2025-10-27,HYDROGENIOUS LOHC TECHNOLOGIES GmbH / Hydrogenious LOHC Technologies,Liste aller Rechnungen zur Übersicht,https://app.hubspot.com/contacts/tickets/265115578557
266395998447,300,2025-10-28,Hivebuy,Wareneingang in Hivebuy,https://app.hubspot.com/contacts/tickets/266395998447
269724592322,298,2025-10-30,DaVita Deutschland AG,Buchhaltungstab: Filter für Rechnung,https://app.hubspot.com/contacts/tickets/269724592322
286039366898,287,2025-11-10,Hydrogenious LOHC Technologies,AW: [EXTERN] Re: Ticket HT -Urgent,https://app.hubspot.com/contacts/tickets/286039366898
297064530123,277,2025-11-20,Hydrogenious LOHC Technologies,Ticket HT – Priorität Low - In den Bestellungen wird der Rechnungsbetrag nicht mehr dagegengerechnet.,https://app.hubspot.com/contacts/tickets/297064530123
313078728892,265,2025-12-02,STAUB & CO. - SILBERMANN GmbH / Tabel Group,Automatisierter PO Name,https://app.hubspot.com/contacts/tickets/313078728892
312262597868,265,2025-12-02,Nfon AG,Rückmeldung zum Termin 2.12.25,https://app.hubspot.com/contacts/tickets/312262597868
313674035392,264,2025-12-03,Hamberger Industriewerke GmbH,Fwd: ext: Re: ext: Re: Übernahme Angebote in Hivebuy,https://app.hubspot.com/contacts/tickets/313674035392
314049401021,262,2025-12-05,Hydrogenious LOHC Technologies,"Ticket HT – Priorität Low - Anforderer sollte informiert werden, sobald der Wareneingang gebucht wurde.",https://app.hubspot.com/contacts/tickets/314049401021
322796768456,255,2025-12-12,Hydrogenious LOHC Technologies,Fwd: Zahlungsbedigungen -> Info von DATEV,https://app.hubspot.com/contacts/tickets/322796768456
322787762406,255,2025-12-12,Tabel Group,Ticket Nr. 322787762406,https://app.hubspot.com/contacts/tickets/322787762406
327019109588,251,2025-12-16,Hivebuy,WG: [External] Hivebuy: Ihr Ticket wurde geschlossen #245461638342,https://app.hubspot.com/contacts/tickets/327019109588
334898688237,238,2025-12-29,A.S. Création Tapeten,Kontierungsänderungen sichtbar machen,https://app.hubspot.com/contacts/tickets/334898688237
336509437133,231,2026-01-05,Securitas Deutschland,Mittel - Varianten müssen separat aktiviert werden,https://app.hubspot.com/contacts/tickets/336509437133
344933740736,227,2026-01-09,Hydrogenious LOHC Technologies,"Ticket HT – Priorität Urgent -Bei Katalogartikeln muss eine Einheit eingegeben werden, aber die Einheit ist nicht auswählbar, somit Fehler in der Bestellanforderung.",https://app.hubspot.com/contacts/tickets/344933740736
347530354880,224,2026-01-12,LGI,offene Anfrage,https://app.hubspot.com/contacts/tickets/347530354880
349417913579,223,2026-01-13,Oberlinhaus,Budget Owners Cannot See Budgets Without Accounting/Controlling Role,https://app.hubspot.com/contacts/tickets/349417913579
352038708426,222,2026-01-14,Securitas Deutschland,Medium - Bestellstatus und Email passen nicht zusammen WG: [External] Genehmigt zum Einkauf: Traversen gemäß Angebot AG2026031934 / SEC-023045,https://app.hubspot.com/contacts/tickets/352038708426
351732272314,222,2026-01-14,Oxyle,Total Budget Not Summed for Parent Categories,https://app.hubspot.com/contacts/tickets/351732272314
358667320550,214,2026-01-22,Mathias Wiemann GmbH & Co. KG,"Add field ""Delivery Recipient"" in Excel/CSV export under Accounting",https://app.hubspot.com/contacts/tickets/358667320550
360677864655,214,2026-01-22,Hivebuy,Re: Uvex - Kosten werden in Hivebuy nicht korrekt abgebildet,https://app.hubspot.com/contacts/tickets/360677864655
361581015232,213,2026-01-23,Securitas Deutschland,AW: [External] Hivebuy: Ihr Ticket wurde geschlossen #312651951319,https://app.hubspot.com/contacts/tickets/361581015232
366329720034,210,2026-01-26,Tabel Group,Improve purchase request search capabilities,https://app.hubspot.com/contacts/tickets/366329720034
369140643028,207,2026-01-29,Hivebuy,WG: [External] Genehmigt zum Einkauf: Umkleidebank mit Hakenleiste einseitig / SEC-023716,https://app.hubspot.com/contacts/tickets/369140643028
370403544253,206,2026-01-30,Securitas Deutschland,Blend out Login option with Username/PW,https://app.hubspot.com/contacts/tickets/370403544253
376253487296,200,2026-02-05,Securitas Deutschland,WG: Fleecejacken mit speziellem Aviation Logo,https://app.hubspot.com/contacts/tickets/376253487296
376058157243,200,2026-02-05,LGI,"""Legal Entity"" nicht gefüllt (Excel der Bestellungen/orders)",https://app.hubspot.com/contacts/tickets/376058157243
382123959499,195,2026-02-10,rebuy,Fwd: Tempworker Samson Personal Team GmbH - Service Periode,https://app.hubspot.com/contacts/tickets/382123959499
388237057211,188,2026-02-17,Oberlinhaus,Anfrage Nutzer Rolle - Wareneingang/Lager,https://app.hubspot.com/contacts/tickets/388237057211
393221832909,182,2026-02-23,AUMÜLLER AUMATIC GmbH,Info wenn Bestellung komplett,https://app.hubspot.com/contacts/tickets/393221832909
395583987954,179,2026-02-26,Borussia Dortmund,"Änderungswunsch HiveBuy – Excel-Download für Bestellübersichten (""Offene Anfragen"")",https://app.hubspot.com/contacts/tickets/395583987954
395705943271,179,2026-02-26,GWK GmbH - Arbeiten + Wohnen,Integrierte Lieferanten,https://app.hubspot.com/contacts/tickets/395705943271
399598196971,175,2026-03-02,Hivebuy,Re: Rechnungsprüfung,https://app.hubspot.com/contacts/tickets/399598196971
400311410915,175,2026-03-02,LGI,Re: Fragen zur Order Status API,https://app.hubspot.com/contacts/tickets/400311410915
401210764474,174,2026-03-03,Hydrogenious LOHC Technologies,Ticket HT- Hohe Priorität Übermittlung von Hivebuy zu DATEV fehlgeschlagen ( Ursache unklar),https://app.hubspot.com/contacts/tickets/401210764474
401693937900,173,2026-03-04,Oberlinhaus,Einstellungen - Unternehmensprofil - Fehler?,https://app.hubspot.com/contacts/tickets/401693937900
404123427063,172,2026-03-05,rebuy,"Edit by Procurement funktioniert nicht für ""Cost recurring?""",https://app.hubspot.com/contacts/tickets/404123427063
407748596938,168,2026-03-09,Nfon AG,Include SAP / External Number in Purchase Order Search,https://app.hubspot.com/contacts/tickets/407748596938
407056781522,168,2026-03-09,Hamberger Industriewerke GmbH,AW: ext: AW: ext: Re: ext: Re: ext: AW: HiveBuy Schnittstellenbeschreibung,https://app.hubspot.com/contacts/tickets/407056781522
408738674899,167,2026-03-10,IPG Automotive,Ticket Nr. 408738674899,https://app.hubspot.com/contacts/tickets/408738674899
408834311371,167,2026-03-10,MediaMarktSaturn Retail Group,Request for Update: MMS Pending Developments,https://app.hubspot.com/contacts/tickets/408834311371
408971449541,166,2026-03-11,Oberlinhaus,WG: Sonepar - Oberlinhaus,https://app.hubspot.com/contacts/tickets/408971449541
408877670600,166,2026-03-11,HMF Smart Solutions GmbH,X-Rechnung vom IT Haus,https://app.hubspot.com/contacts/tickets/408877670600
409281018098,164,2026-03-13,Tabel Group,Erneute Anlage | User existiert bereits | SSO Problem,https://app.hubspot.com/contacts/tickets/409281018098
409266692345,164,2026-03-13,Borussia Dortmund,"HiveBuy – Download-Funktion für „Offene Anfragen"" (User Story zur Umsetzung)",https://app.hubspot.com/contacts/tickets/409266692345
409257234665,164,2026-03-13,HMF Smart Solutions GmbH,"Set Amazon POs to Status ""Canceled""",https://app.hubspot.com/contacts/tickets/409257234665
409916549356,159,2026-03-18,Oberlinhaus,Ticket Nr. 409916549356,https://app.hubspot.com/contacts/tickets/409916549356
410091620580,158,2026-03-19,A.S. Création Tapeten,WG: Bilder Hivebuy,https://app.hubspot.com/contacts/tickets/410091620580
410330598613,154,2026-03-23,STOCKMEIER Gruppe,"New Approval Workflow - Make ""User"" / ""Requester"" selectable as condition",https://app.hubspot.com/contacts/tickets/410330598613
410387415249,154,2026-03-23,Oberlinhaus,Umfirmierung Oberlinhaus - verschiedene Gesellschaften,https://app.hubspot.com/contacts/tickets/410387415249
410567639251,153,2026-03-24,BÜFA GmbH & Co. KG,Produkt in Katalog,https://app.hubspot.com/contacts/tickets/410567639251
411020080327,151,2026-03-26,Borussia Dortmund,Fehler: Name 2 anstatt der Name des Lieferanten,https://app.hubspot.com/contacts/tickets/411020080327
411064597748,151,2026-03-26,Securitas Deutschland,Übersicht Gesellschaften inkl. VAT herunterladen,https://app.hubspot.com/contacts/tickets/411064597748
411208410345,150,2026-03-27,Borussia Dortmund,Addition: Short name (Name2),https://app.hubspot.com/contacts/tickets/411208410345
411321137391,150,2026-03-27,AUMÜLLER AUMATIC GmbH,Verträge,https://app.hubspot.com/contacts/tickets/411321137391
411664595193,147,2026-03-30,Hivebuy,Re: Conrad Bestellungen,https://app.hubspot.com/contacts/tickets/411664595193
413342349542,138,2026-04-08,rebuy,Bitte Rechnung löschen oder rejecten,https://app.hubspot.com/contacts/tickets/413342349542
413657422015,137,2026-04-09,LGI,Einschränkung Lieferanten auf Gesellschaften,https://app.hubspot.com/contacts/tickets/413657422015
414044409042,136,2026-04-10,rebuy,Change Delivery Address with integrated supplier,https://app.hubspot.com/contacts/tickets/414044409042
414005510341,132,2026-04-14,LGI,"Rabatte aus Artikelpos-Ebene (prozentual), auf Bestell-Ebene (prozentual, absolut)",https://app.hubspot.com/contacts/tickets/414005510341
414246364400,131,2026-04-15,rebuy,Buchungstext,https://app.hubspot.com/contacts/tickets/414246364400
414217354455,131,2026-04-15,A.S. Création Tapeten,Sonepar bei Suche in HiveIQ integrieren,https://app.hubspot.com/contacts/tickets/414217354455
414217425115,131,2026-04-15,A.S. Création Tapeten,Retoure versus Lieferung nicht erhalten,https://app.hubspot.com/contacts/tickets/414217425115
414233183419,131,2026-04-15,Nfon AG,Fwd: Export von Dokumenten aus Hivebuy nach SAP mit URL - NFON AG,https://app.hubspot.com/contacts/tickets/414233183419
414268251367,130,2026-04-16,STOCKMEIER Gruppe,Ansicht Bestellungen innerhalb einer Abtl.,https://app.hubspot.com/contacts/tickets/414268251367
414249271539,129,2026-04-17,A.S. Création Tapeten,AW: Fehlende Shopanbindung HiveiQ bei Kunde 679064 A.S. Creation,https://app.hubspot.com/contacts/tickets/414249271539
414345310435,129,2026-04-17,Securitas Deutschland,Medium - Email Workflow mit aktivierten Entwurfslieferanten,https://app.hubspot.com/contacts/tickets/414345310435
414715433169,124,2026-04-22,Oberlinhaus,Ticket Nr. 414715433169,https://app.hubspot.com/contacts/tickets/414715433169
414796258490,124,2026-04-22,Nfon AG,Hivebuy Rechnung Enterprise Lizenz Q2/26,https://app.hubspot.com/contacts/tickets/414796258490
414948840682,123,2026-04-23,rebuy,Überschreiben des Suppliers aus dem OCR mit dem aus der PO scheint nicht funktioniert zu haben,https://app.hubspot.com/contacts/tickets/414948840682
415436579042,122,2026-04-24,rebuy,Re: Request for Bulk Closure of Integrated Supplier Tickets,https://app.hubspot.com/contacts/tickets/415436579042
415806594290,119,2026-04-27,rebuy,Internal Responsible User - Invoice Workflow not working,https://app.hubspot.com/contacts/tickets/415806594290
416005936361,118,2026-04-28,rebuy,Falsche Kostenstelle trotz Anpassung in der PO,https://app.hubspot.com/contacts/tickets/416005936361
415961842923,117,2026-04-29,Securitas Deutschland,URL & individuelle Bestellnummer,https://app.hubspot.com/contacts/tickets/415961842923
416285625535,116,2026-04-30,Securitas Deutschland,Medium - Dashboard wird nicht richtig angezeigt,https://app.hubspot.com/contacts/tickets/416285625535
416806621411,109,2026-05-07,Mathias Wiemann GmbH & Co. KG,Brickwedde Shop,https://app.hubspot.com/contacts/tickets/416806621411
417039729884,105,2026-05-11,retarus.de,Integrated Suppliers & SSO/SCIM,https://app.hubspot.com/contacts/tickets/417039729884
417164861675,104,2026-05-12,Oberlinhaus,"Rolle ""Inbound"" - Oberlinhaus",https://app.hubspot.com/contacts/tickets/417164861675
417077246151,104,2026-05-12,AUMÜLLER AUMATIC GmbH,zusätzliche Dokumentenbezeichnungen,https://app.hubspot.com/contacts/tickets/417077246151
417404205281,98,2026-05-18,Hydrogenious LOHC Technologies,Ticket HT – Priorität High - Rexel Anbindung funktioniert nicht,https://app.hubspot.com/contacts/tickets/417404205281
417412739291,97,2026-05-19,retarus.de,Hivebuy Release notes,https://app.hubspot.com/contacts/tickets/417412739291
417734888659,97,2026-05-19,Unassigned,WG: Hivebuy AVV für KI Agenten - Zusatzvereinbarung,https://app.hubspot.com/contacts/tickets/417734888659
417923239129,95,2026-05-21,LGI,Würth Bestellung abgelehnt,https://app.hubspot.com/contacts/tickets/417923239129
417920861407,95,2026-05-21,Securitas Deutschland,Open Items,https://app.hubspot.com/contacts/tickets/417920861407
418357945590,94,2026-05-22,Hydrogenious LOHC Technologies,Ticket HT – Priorität High,https://app.hubspot.com/contacts/tickets/418357945590
418057839864,90,2026-05-26,reBuy reCommerce Services GmbH & Co. KG / rebuy,Restrict inbound role visibility by assigned addresses,https://app.hubspot.com/contacts/tickets/418057839864
418355922146,88,2026-05-28,rebuy,Rechnung lässt sich nicht freigeben,https://app.hubspot.com/contacts/tickets/418355922146
418613226689,88,2026-05-28,rebuy,Rechnung in approval pending trotz Three-way-match,https://app.hubspot.com/contacts/tickets/418613226689
418282857720,87,2026-05-29,Unassigned,Jede Rechnungs-Email muss verarbeitet werden ODER Fehlermeldung,https://app.hubspot.com/contacts/tickets/418282857720
418659427540,87,2026-05-29,Unassigned,Rebuy BC: Buchungstext RE ohne Bestellbezug (414246364400),https://app.hubspot.com/contacts/tickets/418659427540
418651803853,87,2026-05-29,LGI,Probleme beim Weiterleiten von Bestellungen in Hivebuy,https://app.hubspot.com/contacts/tickets/418651803853
418278185178,87,2026-05-29,Unassigned,Internal Responsible User - Invoice Workflow not working,https://app.hubspot.com/contacts/tickets/418278185178
418658454747,87,2026-05-29,Securitas Deutschland,Dateiänderung triggert einen neuen WF und 5 Änderungen,https://app.hubspot.com/contacts/tickets/418658454747
418278185186,87,2026-05-29,Unassigned,invoice: take supplier from PO,https://app.hubspot.com/contacts/tickets/418278185186
418893722820,83,2026-06-02,rebuy,REB-15889684012711,https://app.hubspot.com/contacts/tickets/418893722820
418820374742,83,2026-06-02,Securitas Deutschland,Fwd: [External] Re: Versandkostenpauschalen,https://app.hubspot.com/contacts/tickets/418820374742
418868820179,83,2026-06-02,rebuy,Weiterleitung defekt? Rechnung kann nicht approved werden,https://app.hubspot.com/contacts/tickets/418868820179
418900226262,82,2026-06-03,Oberlinhaus,Ticket Nr. 414715433169 u. # 417164861675 Oberlinhaus,https://app.hubspot.com/contacts/tickets/418900226262
419227007168,76,2026-06-09,Tennis-Point,Ticket Nr. 419227007168,https://app.hubspot.com/contacts/tickets/419227007168
419207977167,75,2026-06-10,rebuy,Invoice in Revision cannot be forwarded,https://app.hubspot.com/contacts/tickets/419207977167
419301310706,74,2026-06-11,Borussia Dortmund,Lange Ladezeiten der Projektliste,https://app.hubspot.com/contacts/tickets/419301310706
419283378422,74,2026-06-11,Hydrogenious LOHC Technologies,Ticket HT - Low - Bestellungen werden nicht abgeschlossen,https://app.hubspot.com/contacts/tickets/419283378422
419309596921,73,2026-06-12,Wetzlich Optik-Präzision GmbH,Freigabeflows,https://app.hubspot.com/contacts/tickets/419309596921
419472773323,69,2026-06-16,Nfon AG,AW: Taggen/Markieren eines Mitarbeiters funktioniert nicht mehr,https://app.hubspot.com/contacts/tickets/419472773323
419915680993,67,2026-06-18,Borussia Dortmund,Probleme bei erzeugten Bestellnummern,https://app.hubspot.com/contacts/tickets/419915680993
419860366556,67,2026-06-18,Hivebuy,Fwd: You have been mentioned by,https://app.hubspot.com/contacts/tickets/419860366556
420947714279,63,2026-06-22,PIMA Health Group,Vertragsarten ergänzen,https://app.hubspot.com/contacts/tickets/420947714279
421197148379,61,2026-06-24,rebuy,Rechnung ist nicht in Business Central angekommen,https://app.hubspot.com/contacts/tickets/421197148379
421130806458,61,2026-06-24,rebuy,"""Total Request Net Amount"" not working in Invoice Approval.",https://app.hubspot.com/contacts/tickets/421130806458
421151237332,61,2026-06-24,Hydrogenious LOHC Technologies,Ticket HT – Priorität Urgent - Rexel Anbindung,https://app.hubspot.com/contacts/tickets/421151237332
421414343870,60,2026-06-25,PIMA Health Group,Vertragsart wird nicht angezeigt,https://app.hubspot.com/contacts/tickets/421414343870
421092953291,60,2026-06-25,rebuy,Final Invoice Received: Still in Status Delivered,https://app.hubspot.com/contacts/tickets/421092953291
421427190992,59,2026-06-26,Asana,Freitag – zugewiesene Aufgaben: 1 – rebuy,https://app.hubspot.com/contacts/tickets/421427190992
421469034701,59,2026-06-26,retarus.de,"SSO, SAML, SCIM",https://app.hubspot.com/contacts/tickets/421469034701
421835432131,56,2026-06-29,Quantum Systems,Fwd: Follow-Ups Implementierung,https://app.hubspot.com/contacts/tickets/421835432131
421585478870,56,2026-06-29,rebuy,REB-DE-R260127 hat keinen Freigeber,https://app.hubspot.com/contacts/tickets/421585478870
421930397887,55,2026-06-30,A.S. Création Tapeten,Übermittlung von Bestellungen über Sonepar_Shop,https://app.hubspot.com/contacts/tickets/421930397887
422250824903,54,2026-07-01,Hamberger Industriewerke GmbH,Ticket Nr. 422250824903,https://app.hubspot.com/contacts/tickets/422250824903
422801956041,52,2026-07-03,Tenowo,neuer Workflow für IT-Komponenten,https://app.hubspot.com/contacts/tickets/422801956041
422891366642,49,2026-07-06,Brera Serviced Apartments,Rückfrage Artikelanpassung,https://app.hubspot.com/contacts/tickets/422891366642
422692029629,49,2026-07-06,Tenowo,WG: Katalog-Bestellung,https://app.hubspot.com/contacts/tickets/422692029629
422914801870,49,2026-07-06,PIMA Health Group,Editiermodus Bestellung,https://app.hubspot.com/contacts/tickets/422914801870
422792796349,48,2026-07-07,Oberlinhaus,"Fehler Button ""als geliefert markiert"" - Oberlinhaus",https://app.hubspot.com/contacts/tickets/422792796349
422808636633,48,2026-07-07,Media-Saturn Deutschland GmbH,Artikelbeschreibung wird en statt de angezeigt,https://app.hubspot.com/contacts/tickets/422808636633
422898963679,48,2026-07-07,retarus.de,Ersteinrichtung nicht möglich // Aleksandra Ekholm,https://app.hubspot.com/contacts/tickets/422898963679
422794502349,48,2026-07-07,Hivebuy,WG: ext: [Hivebuy] Fehler in der Schnittstelle,https://app.hubspot.com/contacts/tickets/422794502349
422952559814,47,2026-07-08,A.S. Création Tapeten,Anmeldung neuer Nutzer fehlgeschlagen,https://app.hubspot.com/contacts/tickets/422952559814
422938747101,47,2026-07-08,Tenowo,Offene Punkte Hivebuy,https://app.hubspot.com/contacts/tickets/422938747101
422964886762,46,2026-07-09,Nfon AG,Hivebuy Bestellung 000533,https://app.hubspot.com/contacts/tickets/422964886762
422964977870,46,2026-07-09,Borussia Dortmund,WG: Termin heute,https://app.hubspot.com/contacts/tickets/422964977870
423001055449,45,2026-07-10,Hivebuy,WG: [Hivebuy] Fehler in der Schnittstelle,https://app.hubspot.com/contacts/tickets/423001055449
423082017016,42,2026-07-13,HEWI Heinrich Wilke,"Hivebuy ""Status""",https://app.hubspot.com/contacts/tickets/423082017016
423071339768,42,2026-07-13,DNS:NET Internet Service,SAP-Release 2608 vs. abgekündigte Schnittstelle 0053,https://app.hubspot.com/contacts/tickets/423071339768
423069024454,42,2026-07-13,HEWI Heinrich Wilke,keine SAP Bestellnummer bei unserem Lieferanten Conrad,https://app.hubspot.com/contacts/tickets/423069024454
423083827416,42,2026-07-13,PIMA Health Group,Sortierung in Anfrage Liste,https://app.hubspot.com/contacts/tickets/423083827416
423113369834,41,2026-07-14,Borussia Dortmund,Ticket Nr. 423113369834,https://app.hubspot.com/contacts/tickets/423113369834
423115505869,41,2026-07-14,Hivebuy,WG: Wiemann ground 1 GmbH & Co. KG - Bestellung MAW-001058,https://app.hubspot.com/contacts/tickets/423115505869
423109889263,40,2026-07-15,Tabel Group,Ticket Nr. 423109889263,https://app.hubspot.com/contacts/tickets/423109889263
423990913226,35,2026-07-20,tobaccoland,Lieferanten für alle Sichtbar,https://app.hubspot.com/contacts/tickets/423990913226
424472220869,34,2026-07-21,Hamberger Industriewerke GmbH,Fehlerhafte Synchronisation der Mengeneinheiten (Hivebuy / SAP),https://app.hubspot.com/contacts/tickets/424472220869
427045860585,33,2026-07-22,Unassigned,WG: Kaufanfragen,https://app.hubspot.com/contacts/tickets/427045860585
425077551323,32,2026-07-23,Securitas Deutschland,Mehrfachauswahl bei Filtern,https://app.hubspot.com/contacts/tickets/425077551323
425599099071,28,2026-07-27,Hydrogenious LOHC Technologies,Frage zur DATEV-Schnittstelle: Änderung des Herkunftskennzeichens seit letzter Woche,https://app.hubspot.com/contacts/tickets/425599099071
427367214293,21,2026-08-03,PIMA Health Group,Fristen im Vertragsmanagement,https://app.hubspot.com/contacts/tickets/427367214293
427408819395,20,2026-08-04,Hivebuy,WG: [EXT] Erinnerung - Kaufanfragen warten auf Deine Entscheidung,https://app.hubspot.com/contacts/tickets/427408819395
427405441210,20,2026-08-04,rebuy,Re: Hivebuy - Informationen zu unserem neuesten Release vom 27.07.2026,https://app.hubspot.com/contacts/tickets/427405441210
427513919737,18,2026-08-06,igus SE & Co. KG.,Fwd: Hivebuy Preiseinheiten Conrad,https://app.hubspot.com/contacts/tickets/427513919737
427607802056,18,2026-08-06,rebuy,approval pending ohne Zuweisung der Belege,https://app.hubspot.com/contacts/tickets/427607802056
427674389740,17,2026-08-07,Media-Saturn Deutschland GmbH,AW: Bitte Benutzerdefinierte Felder für Produktkategorie Weiterbildung hinterlegen,https://app.hubspot.com/contacts/tickets/427674389740
